{"calinski_harabasz": [28855.101840197178, 31668.7466060588, 26357.093874518807, 24646.814600869737, 23004.021579334236, 21267.165543921194, 20084.640432671993, 19467.698316635793, 18663.320420004435], "davies_bouldin": [2.863291023127198, 2.4395128779781623, 2.204428342640627, 2.3942637225025076, 2.2832815201634555, 2.1373890526050996, 1.9331915991681834, 1.9173364307221503, 1.8581875435890722], "k_values": [2, 3, 4, 5, 6, 7, 8, 9, 10]}